Model,TBS1052C
Firmware Version,v2015-08-04-prequal4ch70_v1.3

Point Format,Y
Horizontal Units,S
Horizontal Scale,0.04
Sample Interval,0.00032
Filter Frequency,2e+08
Record Length,2000
Gating,0.0% to 100.0%
Probe Attenuation,1
Vertical Units,V
Vertical Offset,0
Vertical Scale,10
Label,
TIME,CH1
-3.200e-01,-9.2
-3.197e-01,-8.8
-3.194e-01,-3.2
-3.190e-01,-4.8
-3.187e-01,-4.4
-3.184e-01,-8.8
-3.181e-01,-9.2
-3.178e-01,-8.8
-3.174e-01,-5.2
-3.171e-01,5.6
-3.168e-01,-8.8
-3.165e-01,-8.8
-3.162e-01,-8.8
-3.158e-01,-9.2
-3.155e-01,-8.4
-3.152e-01,-2
-3.149e-01,-5.2
-3.146e-01,-8.8
-3.142e-01,-8
-3.139e-01,-2.8
-3.136e-01,-0.8
-3.133e-01,-8.8
-3.130e-01,2
-3.126e-01,-8.8
-3.123e-01,-2
-3.120e-01,-5.6
-3.117e-01,-1.6
-3.114e-01,-1.2
-3.110e-01,-2.8
-3.107e-01,-3.2
-3.104e-01,-0.8
-3.101e-01,0.8
-3.098e-01,0
-3.094e-01,0.8
-3.091e-01,1.6
-3.088e-01,0.8
-3.085e-01,1.2
-3.082e-01,1.6
-3.078e-01,3.6
-3.075e-01,4.8
-3.072e-01,13.2
-3.069e-01,9.6
-3.066e-01,12
-3.062e-01,14
-3.059e-01,9.2
-3.056e-01,5.2
-3.053e-01,7.2
-3.050e-01,12.8
-3.046e-01,13.2
-3.043e-01,8.4
-3.040e-01,7.2
-3.037e-01,12.4
-3.034e-01,7.6
-3.030e-01,11.2
-3.027e-01,7.6
-3.024e-01,6.8
-3.021e-01,6.8
-3.018e-01,5.6
-3.014e-01,4
-3.011e-01,8.4
-3.008e-01,6.4
-3.005e-01,3.6
-3.002e-01,2.4
-2.998e-01,0.8
-2.995e-01,-3.6
-2.992e-01,-3.2
-2.989e-01,-1.6
-2.986e-01,0.8
-2.982e-01,2
-2.979e-01,-2
-2.976e-01,2
-2.973e-01,-8.8
-2.970e-01,-8.8
-2.966e-01,-1.2
-2.963e-01,2.4
-2.960e-01,-7.2
-2.957e-01,-9.2
-2.954e-01,-9.2
-2.950e-01,-8.8
-2.947e-01,-8.8
-2.944e-01,-8.8
-2.941e-01,-4
-2.938e-01,-8.8
-2.934e-01,-9.2
-2.931e-01,-8.8
-2.928e-01,-8.8
-2.925e-01,-5.2
-2.922e-01,-3.2
-2.918e-01,-6.4
-2.915e-01,-6.4
-2.912e-01,-3.6
-2.909e-01,5.2
-2.906e-01,-8.8
-2.902e-01,1.2
-2.899e-01,-6.4
-2.896e-01,-2
-2.893e-01,-6
-2.890e-01,-4.8
-2.886e-01,-2.8
-2.883e-01,-0.8
-2.880e-01,1.2
-2.877e-01,4.4
-2.874e-01,3.2
-2.870e-01,3.6
-2.867e-01,3.2
-2.864e-01,2
-2.861e-01,3.6
-2.858e-01,3.2
-2.854e-01,2.8
-2.851e-01,2.8
-2.848e-01,2.4
-2.845e-01,4.4
-2.842e-01,7.2
-2.838e-01,10.8
-2.835e-01,5.2
-2.832e-01,5.2
-2.829e-01,4.8
-2.826e-01,10
-2.822e-01,9.2
-2.819e-01,7.6
-2.816e-01,9.6
-2.813e-01,8.4
-2.810e-01,5.2
-2.806e-01,7.6
-2.803e-01,3.6
-2.800e-01,6.8
-2.797e-01,12
-2.794e-01,7.6
-2.790e-01,3.6
-2.787e-01,6.8
-2.784e-01,2.4
-2.781e-01,3.6
-2.778e-01,3.6
-2.774e-01,2.8
-2.771e-01,-0.4
-2.768e-01,-3.6
-2.765e-01,-2.8
-2.762e-01,0
-2.758e-01,-0.8
-2.755e-01,0
-2.752e-01,3.2
-2.749e-01,2
-2.746e-01,-8.8
-2.742e-01,-8.8
-2.739e-01,-8.8
-2.736e-01,0.8
-2.733e-01,6.4
-2.730e-01,-8
-2.726e-01,-7.2
-2.723e-01,-8.4
-2.720e-01,-8.8
-2.717e-01,-7.6
-2.714e-01,-2
-2.710e-01,-0.4
-2.707e-01,-8.8
-2.704e-01,-8.8
-2.701e-01,-8.8
-2.698e-01,-8.8
-2.694e-01,-6
-2.691e-01,-2.4
-2.688e-01,-6.4
-2.685e-01,-7.6
-2.682e-01,-7.2
-2.678e-01,-1.2
-2.675e-01,-6.4
-2.672e-01,-3.2
-2.669e-01,-8.4
-2.666e-01,-0.4
-2.662e-01,-7.2
-2.659e-01,1.6
-2.656e-01,-0.4
-2.653e-01,-4.4
-2.650e-01,-2
-2.646e-01,0.8
-2.643e-01,0.8
-2.640e-01,0
-2.637e-01,2
-2.634e-01,1.2
-2.630e-01,0.4
-2.627e-01,0.4
-2.624e-01,0.8
-2.621e-01,1.2
-2.618e-01,4.8
-2.614e-01,9.2
-2.611e-01,10.4
-2.608e-01,12.8
-2.605e-01,10
-2.602e-01,5.6
-2.598e-01,6.8
-2.595e-01,9.2
-2.592e-01,12.8
-2.589e-01,11.2
-2.586e-01,4.4
-2.582e-01,7.2
-2.579e-01,11.2
-2.576e-01,10
-2.573e-01,10
-2.570e-01,7.6
-2.566e-01,4
-2.563e-01,3.6
-2.560e-01,7.2
-2.557e-01,5.2
-2.554e-01,5.2
-2.550e-01,4
-2.547e-01,1.2
-2.544e-01,-0.8
-2.541e-01,4
-2.538e-01,-1.6
-2.534e-01,-2.8
-2.531e-01,-4
-2.528e-01,0.8
-2.525e-01,2.8
-2.522e-01,1.6
-2.518e-01,7.2
-2.515e-01,-8.4
-2.512e-01,-8.8
-2.509e-01,0.4
-2.506e-01,-0.4
-2.502e-01,-8.8
-2.499e-01,-9.2
-2.496e-01,-9.2
-2.493e-01,-9.2
-2.490e-01,-8.8
-2.486e-01,-8.4
-2.483e-01,-4.4
-2.480e-01,-8.8
-2.477e-01,-8.8
-2.474e-01,-9.2
-2.470e-01,-8.8
-2.467e-01,-6.4
-2.464e-01,-4.8
-2.461e-01,-0.8
-2.458e-01,-8.8
-2.454e-01,-7.6
-2.451e-01,0
-2.448e-01,1.2
-2.445e-01,8.4
-2.442e-01,-7.6
-2.438e-01,-3.6
-2.435e-01,-6.8
-2.432e-01,-2.8
-2.429e-01,-0.4
-2.426e-01,0.4
-2.422e-01,-2.4
-2.419e-01,1.2
-2.416e-01,4
-2.413e-01,2
-2.410e-01,0.8
-2.406e-01,0
-2.403e-01,2.4
-2.400e-01,2.4
-2.397e-01,0.4
-2.394e-01,0.8
-2.390e-01,-0.4
-2.387e-01,0.4
-2.384e-01,5.2
-2.381e-01,10.8
-2.378e-01,10
-2.374e-01,0.4
-2.371e-01,4.8
-2.368e-01,6.8
-2.365e-01,7.6
-2.362e-01,12
-2.358e-01,12.8
-2.355e-01,8.4
-2.352e-01,7.2
-2.349e-01,4.8
-2.346e-01,6.4
-2.342e-01,6.4
-2.339e-01,6.4
-2.336e-01,4.8
-2.333e-01,9.2
-2.330e-01,6
-2.326e-01,6
-2.323e-01,6.8
-2.320e-01,6
-2.317e-01,2.8
-2.314e-01,0.8
-2.310e-01,-2.4
-2.307e-01,-1.2
-2.304e-01,0
-2.301e-01,2.8
-2.298e-01,-0.4
-2.294e-01,1.2
-2.291e-01,2.8
-2.288e-01,2.4
-2.285e-01,-9.2
-2.282e-01,-9.2
-2.278e-01,-9.2
-2.275e-01,-8.8
-2.272e-01,0.4
-2.269e-01,-8
-2.266e-01,-8
-2.262e-01,-9.2
-2.259e-01,-9.2
-2.256e-01,-8.8
-2.253e-01,-8.8
-2.250e-01,-1.6
-2.246e-01,-4.4
-2.243e-01,-8.8
-2.240e-01,-8.8
-2.237e-01,-9.2
-2.234e-01,-8.8
-2.230e-01,-2.8
-2.227e-01,-6
-2.224e-01,-5.2
-2.221e-01,-7.2
-2.218e-01,-8.8
-2.214e-01,10.8
-2.211e-01,-8.4
-2.208e-01,-1.6
-2.205e-01,1.6
-2.202e-01,-2.8
-2.198e-01,-1.2
-2.195e-01,-0.8
-2.192e-01,-0.8
-2.189e-01,0.4
-2.186e-01,1.6
-2.182e-01,2
-2.179e-01,1.2
-2.176e-01,0.4
-2.173e-01,4.8
-2.170e-01,13.2
-2.166e-01,13.6
-2.163e-01,-1.6
-2.160e-01,-4.8
-2.157e-01,0.4
-2.154e-01,10
-2.150e-01,8.8
-2.147e-01,8.4
-2.144e-01,10.8
-2.141e-01,5.6
-2.138e-01,8
-2.134e-01,4.8
-2.131e-01,10
-2.128e-01,12.4
-2.125e-01,5.6
-2.122e-01,2
-2.118e-01,6.8
-2.115e-01,7.6
-2.112e-01,6.8
-2.109e-01,6.4
-2.106e-01,7.2
-2.102e-01,4.4
-2.099e-01,5.6
-2.096e-01,7.2
-2.093e-01,5.6
-2.090e-01,4
-2.086e-01,0.4
-2.083e-01,2.8
-2.080e-01,-5.2
-2.077e-01,-5.6
-2.074e-01,1.6
-2.070e-01,3.2
-2.067e-01,4
-2.064e-01,3.6
-2.061e-01,-9.2
-2.058e-01,-9.2
-2.054e-01,-9.2
-2.051e-01,-8.8
-2.048e-01,-4.4
-2.045e-01,-6.8
-2.042e-01,-6.8
-2.038e-01,-8
-2.035e-01,-9.2
-2.032e-01,-6.8
-2.029e-01,-8.8
-2.026e-01,-2
-2.022e-01,-6.4
-2.019e-01,-8.8
-2.016e-01,-8.8
-2.013e-01,-9.2
-2.010e-01,-6.4
-2.006e-01,-4.4
-2.003e-01,-4.8
-2.000e-01,-7.6
-1.997e-01,-6
-1.994e-01,-2.4
-1.990e-01,2.8
-1.987e-01,-6.4
-1.984e-01,-8.8
-1.981e-01,-7.6
-1.978e-01,-2
-1.974e-01,-4.4
-1.971e-01,-4
-1.968e-01,-2
-1.965e-01,-1.2
-1.962e-01,3.6
-1.958e-01,1.2
-1.955e-01,2.4
-1.952e-01,1.2
-1.949e-01,1.6
-1.946e-01,0.8
-1.942e-01,3.2
-1.939e-01,1.2
-1.936e-01,2.8
-1.933e-01,3.2
-1.930e-01,5.6
-1.926e-01,8.4
-1.923e-01,4
-1.920e-01,3.6
-1.917e-01,6.4
-1.914e-01,6.8
-1.910e-01,7.2
-1.907e-01,6.4
-1.904e-01,8.4
-1.901e-01,13.2
-1.898e-01,8
-1.894e-01,8.8
-1.891e-01,8.8
-1.888e-01,6.4
-1.885e-01,8.4
-1.882e-01,9.6
-1.878e-01,9.2
-1.875e-01,6
-1.872e-01,4.8
-1.869e-01,5.6
-1.866e-01,4
-1.862e-01,1.2
-1.859e-01,3.2
-1.856e-01,-2
-1.853e-01,2
-1.850e-01,2
-1.846e-01,0
-1.843e-01,-1.2
-1.840e-01,2
-1.837e-01,4.4
-1.834e-01,3.6
-1.830e-01,-9.2
-1.827e-01,-9.2
-1.824e-01,-9.2
-1.821e-01,-8.8
-1.818e-01,-2.8
-1.814e-01,-6
-1.811e-01,-8.8
-1.808e-01,-8.8
-1.805e-01,-9.2
-1.802e-01,-8.8
-1.798e-01,-6
-1.795e-01,-4
-1.792e-01,-8.4
-1.789e-01,-8.8
-1.786e-01,-8.8
-1.782e-01,-8.8
-1.779e-01,-4
-1.776e-01,-3.6
-1.773e-01,-3.2
-1.770e-01,-6.8
-1.766e-01,-8.8
-1.763e-01,-8.8
-1.760e-01,-5.2
-1.757e-01,3.6
-1.754e-01,3.6
-1.750e-01,-5.6
-1.747e-01,-4.4
-1.744e-01,-8
-1.741e-01,-2.4
-1.738e-01,-2.4
-1.734e-01,-4
-1.731e-01,2
-1.728e-01,4
-1.725e-01,13.6
-1.722e-01,14
-1.718e-01,4
-1.715e-01,-0.8
-1.712e-01,2.4
-1.709e-01,2.8
-1.706e-01,2.8
-1.702e-01,-0.4
-1.699e-01,8.4
-1.696e-01,12.8
-1.693e-01,6.8
-1.690e-01,6.4
-1.686e-01,4.8
-1.683e-01,13.6
-1.680e-01,12.8
-1.677e-01,4.4
-1.674e-01,2.8
-1.670e-01,3.6
-1.667e-01,6
-1.664e-01,5.6
-1.661e-01,6.8
-1.658e-01,7.6
-1.654e-01,6.4
-1.651e-01,8.4
-1.648e-01,7.6
-1.645e-01,6.8
-1.642e-01,10
-1.638e-01,6.8
-1.635e-01,-2.4
-1.632e-01,-0.4
-1.629e-01,0.8
-1.626e-01,-2.4
-1.622e-01,-3.2
-1.619e-01,-4.4
-1.616e-01,0.4
-1.613e-01,-0.8
-1.610e-01,0
-1.606e-01,-0.4
-1.603e-01,4
-1.600e-01,-4.8
-1.597e-01,-4.4
-1.594e-01,2.8
-1.590e-01,-0.8
-1.587e-01,-8.4
-1.584e-01,-8
-1.581e-01,-9.2
-1.578e-01,-8.8
-1.574e-01,-8.4
-1.571e-01,-8.8
-1.568e-01,0.4
-1.565e-01,-8.8
-1.562e-01,-8.8
-1.558e-01,-9.2
-1.555e-01,-8.8
-1.552e-01,-8.4
-1.549e-01,-4.4
-1.546e-01,-3.6
-1.542e-01,-8.4
-1.539e-01,-6
-1.536e-01,-8.4
-1.533e-01,10
-1.530e-01,-2
-1.526e-01,-0.8
-1.523e-01,-2
-1.520e-01,-2
-1.517e-01,1.6
-1.514e-01,1.2
-1.510e-01,-3.6
-1.507e-01,-1.6
-1.504e-01,-0.4
-1.501e-01,2.8
-1.498e-01,1.6
-1.494e-01,2
-1.491e-01,1.6
-1.488e-01,0.4
-1.485e-01,3.2
-1.482e-01,4.8
-1.478e-01,4.8
-1.475e-01,2.8
-1.472e-01,11.2
-1.469e-01,8
-1.466e-01,3.2
-1.462e-01,6.4
-1.459e-01,4.8
-1.456e-01,9.2
-1.453e-01,8.4
-1.450e-01,12
-1.446e-01,9.2
-1.443e-01,7.6
-1.440e-01,7.6
-1.437e-01,5.2
-1.434e-01,6.8
-1.430e-01,7.6
-1.427e-01,10.8
-1.424e-01,11.2
-1.421e-01,12.8
-1.418e-01,1.2
-1.414e-01,5.6
-1.411e-01,1.6
-1.408e-01,8.8
-1.405e-01,5.6
-1.402e-01,-0.4
-1.398e-01,0
-1.395e-01,-4.4
-1.392e-01,-3.6
-1.389e-01,-2.8
-1.386e-01,0.8
-1.382e-01,2
-1.379e-01,2.4
-1.376e-01,6
-1.373e-01,-8.8
-1.370e-01,-9.2
-1.366e-01,7.2
-1.363e-01,6.8
-1.360e-01,-7.2
-1.357e-01,-8.8
-1.354e-01,-9.2
-1.350e-01,-8.8
-1.347e-01,-8.8
-1.344e-01,-8
-1.341e-01,-8.8
-1.338e-01,-8.8
-1.334e-01,-9.2
-1.331e-01,-8.8
-1.328e-01,-8.8
-1.325e-01,-4.4
-1.322e-01,-5.6
-1.318e-01,-4.4
-1.315e-01,-3.2
-1.312e-01,-7.2
-1.309e-01,-3.6
-1.306e-01,0.8
-1.302e-01,-2
-1.299e-01,-1.2
-1.296e-01,-2.4
-1.293e-01,-6.4
-1.290e-01,-3.2
-1.286e-01,-1.6
-1.283e-01,-3.6
-1.280e-01,1.2
-1.277e-01,0.8
-1.274e-01,1.6
-1.270e-01,5.2
-1.267e-01,6.4
-1.264e-01,12.8
-1.261e-01,7.6
-1.258e-01,-0.4
-1.254e-01,0.8
-1.251e-01,12
-1.248e-01,10.4
-1.245e-01,3.6
-1.242e-01,-2.4
-1.238e-01,0
-1.235e-01,10.8
-1.232e-01,2.4
-1.229e-01,8.8
-1.226e-01,10.8
-1.222e-01,8.8
-1.219e-01,6
-1.216e-01,2.4
-1.213e-01,6
-1.210e-01,7.2
-1.206e-01,7.6
-1.203e-01,5.2
-1.200e-01,4
-1.197e-01,-2.4
-1.194e-01,3.6
-1.190e-01,4.8
-1.187e-01,3.2
-1.184e-01,1.6
-1.181e-01,2
-1.178e-01,0.8
-1.174e-01,0
-1.171e-01,1.2
-1.168e-01,0
-1.165e-01,-1.6
-1.162e-01,-4
-1.158e-01,-0.4
-1.155e-01,3.6
-1.152e-01,0
-1.149e-01,-4.8
-1.146e-01,-6
-1.142e-01,-6.8
-1.139e-01,-9.2
-1.136e-01,-4.4
-1.133e-01,1.2
-1.130e-01,-8.4
-1.126e-01,-9.2
-1.123e-01,-9.2
-1.120e-01,-8
-1.117e-01,-8
-1.114e-01,-6.4
-1.110e-01,-5.6
-1.107e-01,-9.2
-1.104e-01,-8.8
-1.101e-01,-8.8
-1.098e-01,-8.8
-1.094e-01,-2.4
-1.091e-01,-4.8
-1.088e-01,-7.6
-1.085e-01,-8.8
-1.082e-01,-6.4
-1.078e-01,-5.2
-1.075e-01,0.8
-1.072e-01,-7.2
-1.069e-01,-5.2
-1.066e-01,-2
-1.062e-01,-4.4
-1.059e-01,-2.8
-1.056e-01,-1.6
-1.053e-01,-4.4
-1.050e-01,0
-1.046e-01,-0.8
-1.043e-01,0
-1.040e-01,-4.4
-1.037e-01,-0.8
-1.034e-01,0.4
-1.030e-01,0.4
-1.027e-01,8.4
-1.024e-01,8
-1.021e-01,6
-1.018e-01,6
-1.014e-01,3.2
-1.011e-01,4.8
-1.008e-01,4.4
-1.005e-01,8.8
-1.002e-01,13.6
-9.984e-02,6
-9.952e-02,10.4
-9.920e-02,9.2
-9.888e-02,10.4
-9.856e-02,10.8
-9.824e-02,8.8
-9.792e-02,4
-9.760e-02,4
-9.728e-02,7.6
-9.696e-02,8.8
-9.664e-02,8.4
-9.632e-02,2.4
-9.600e-02,4
-9.568e-02,-2
-9.536e-02,1.2
-9.504e-02,3.2
-9.472e-02,4
-9.440e-02,2.4
-9.408e-02,-2.8
-9.376e-02,-6
-9.344e-02,-2
-9.312e-02,0
-9.280e-02,-0.4
-9.248e-02,-8.4
-9.216e-02,-9.2
-9.184e-02,-8.8
-9.152e-02,-8.8
-9.120e-02,-8.8
-9.088e-02,-7.2
-9.056e-02,-8.8
-9.024e-02,-8.8
-8.992e-02,-8.8
-8.960e-02,-8.8
-8.928e-02,-0.8
-8.896e-02,-7.6
-8.864e-02,-8.8
-8.832e-02,-8.8
-8.800e-02,-8.8
-8.768e-02,-9.2
-8.736e-02,-8.8
-8.704e-02,-6.8
-8.672e-02,-6.8
-8.640e-02,-5.6
-8.608e-02,-2
-8.576e-02,-7.6
-8.544e-02,-4.8
-8.512e-02,12
-8.480e-02,-8.4
-8.448e-02,0.4
-8.416e-02,-5.2
-8.384e-02,-6
-8.352e-02,-2
-8.320e-02,-4.4
-8.288e-02,-3.2
-8.256e-02,-0.4
-8.224e-02,1.2
-8.192e-02,2
-8.160e-02,-2.4
-8.128e-02,-0.8
-8.096e-02,-0.8
-8.064e-02,-1.6
-8.032e-02,1.6
-8.000e-02,4.8
-7.968e-02,6
-7.936e-02,5.2
-7.904e-02,5.6
-7.872e-02,2
-7.840e-02,0
-7.808e-02,1.2
-7.776e-02,6
-7.744e-02,9.6
-7.712e-02,4.4
-7.680e-02,7.2
-7.648e-02,12
-7.616e-02,6
-7.584e-02,8
-7.552e-02,7.2
-7.520e-02,8.4
-7.488e-02,5.6
-7.456e-02,2.4
-7.424e-02,5.2
-7.392e-02,7.6
-7.360e-02,2.4
-7.328e-02,6
-7.296e-02,7.2
-7.264e-02,2.4
-7.232e-02,2
-7.200e-02,1.2
-7.168e-02,0
-7.136e-02,-2
-7.104e-02,-1.2
-7.072e-02,-2
-7.040e-02,-2
-7.008e-02,0.4
-6.976e-02,0.4
-6.944e-02,-0.4
-6.912e-02,-8.8
-6.880e-02,-8.8
-6.848e-02,-8
-6.816e-02,1.2
-6.784e-02,7.6
-6.752e-02,-8.4
-6.720e-02,-8.8
-6.688e-02,-8.8
-6.656e-02,-8
-6.624e-02,-3.6
-6.592e-02,-8.4
-6.560e-02,-0.8
-6.528e-02,-6.8
-6.496e-02,-9.2
-6.464e-02,-8.8
-6.432e-02,-8.8
-6.400e-02,-6.4
-6.368e-02,-5.2
-6.336e-02,-5.6
-6.304e-02,-8
-6.272e-02,-8.8
-6.240e-02,-7.2
-6.208e-02,2.8
-6.176e-02,-8.4
-6.144e-02,-1.2
-6.112e-02,-8.8
-6.080e-02,-7.6
-6.048e-02,-6.4
-6.016e-02,-3.2
-5.984e-02,-1.6
-5.952e-02,-5.2
-5.920e-02,-0.8
-5.888e-02,-3.6
-5.856e-02,-1.6
-5.824e-02,0.4
-5.792e-02,0.4
-5.760e-02,1.6
-5.728e-02,1.2
-5.696e-02,-0.4
-5.664e-02,1.2
-5.632e-02,0.4
-5.600e-02,4.4
-5.568e-02,7.6
-5.536e-02,0.8
-5.504e-02,1.2
-5.472e-02,-0.8
-5.440e-02,2
-5.408e-02,7.6
-5.376e-02,8
-5.344e-02,10
-5.312e-02,13.6
-5.280e-02,4.8
-5.248e-02,2
-5.216e-02,8
-5.184e-02,8.4
-5.152e-02,6.4
-5.120e-02,4.8
-5.088e-02,0.4
-5.056e-02,-2
-5.024e-02,5.2
-4.992e-02,9.2
-4.960e-02,6
-4.928e-02,4.4
-4.896e-02,2.4
-4.864e-02,-3.6
-4.832e-02,-4.4
-4.800e-02,-1.6
-4.768e-02,-5.6
-4.736e-02,1.6
-4.704e-02,2.4
-4.672e-02,1.6
-4.640e-02,1.6
-4.608e-02,-8.8
-4.576e-02,-8.8
-4.544e-02,2
-4.512e-02,2.4
-4.480e-02,-7.2
-4.448e-02,-8.8
-4.416e-02,-8.8
-4.384e-02,-8.8
-4.352e-02,-8.8
-4.320e-02,-8.8
-4.288e-02,-5.2
-4.256e-02,-5.6
-4.224e-02,-9.2
-4.192e-02,-9.2
-4.160e-02,-8.8
-4.128e-02,-6.8
-4.096e-02,-3.2
-4.064e-02,-3.6
-4.032e-02,-8
-4.000e-02,-3.6
-3.968e-02,-4.8
-3.936e-02,-3.6
-3.904e-02,2.8
-3.872e-02,3.6
-3.840e-02,-8.8
-3.808e-02,-0.8
-3.776e-02,-6
-3.744e-02,3.6
-3.712e-02,-2.4
-3.680e-02,-1.6
-3.648e-02,-3.6
-3.616e-02,-2.4
-3.584e-02,1.2
-3.552e-02,0.4
-3.520e-02,-1.6
-3.488e-02,0.4
-3.456e-02,-1.2
-3.424e-02,0
-3.392e-02,0.8
-3.360e-02,1.6
-3.328e-02,2
-3.296e-02,1.6
-3.264e-02,5.6
-3.232e-02,10
-3.200e-02,10.4
-3.168e-02,10
-3.136e-02,7.6
-3.104e-02,1.2
-3.072e-02,4.4
-3.040e-02,8.8
-3.008e-02,11.2
-2.976e-02,5.6
-2.944e-02,3.2
-2.912e-02,6.4
-2.880e-02,2
-2.848e-02,7.6
-2.816e-02,8.8
-2.784e-02,13.6
-2.752e-02,6.4
-2.720e-02,4.8
-2.688e-02,6
-2.656e-02,7.2
-2.624e-02,4
-2.592e-02,3.6
-2.560e-02,-0.8
-2.528e-02,0.4
-2.496e-02,-1.2
-2.464e-02,-1.2
-2.432e-02,-2.8
-2.400e-02,0
-2.368e-02,4
-2.336e-02,0.8
-2.304e-02,-8.8
-2.272e-02,-9.2
-2.240e-02,-8.8
-2.208e-02,-8.8
-2.176e-02,-8.8
-2.144e-02,-8.4
-2.112e-02,-8.8
-2.080e-02,-8.8
-2.048e-02,-8.8
-2.016e-02,-8.8
-1.984e-02,-8.8
-1.952e-02,-2.8
-1.920e-02,-0.4
-1.888e-02,-8.8
-1.856e-02,-8.8
-1.824e-02,-8.8
-1.792e-02,-8.4
-1.760e-02,-2.8
-1.728e-02,-4.8
-1.696e-02,-8.4
-1.664e-02,-8.8
-1.632e-02,-4.4
-1.600e-02,-8.4
-1.568e-02,3.2
-1.536e-02,-6.8
-1.504e-02,-6.4
-1.472e-02,-1.2
-1.440e-02,-2
-1.408e-02,-2.8
-1.376e-02,-2.4
-1.344e-02,-2.4
-1.312e-02,0.8
-1.280e-02,0
-1.248e-02,-1.2
-1.216e-02,-0.4
-1.184e-02,-0.4
-1.152e-02,-0.8
-1.120e-02,-1.2
-1.088e-02,1.6
-1.056e-02,6
-1.024e-02,7.6
-9.920e-03,6.4
-9.600e-03,-0.4
-9.280e-03,0.8
-8.960e-03,4
-8.640e-03,5.6
-8.320e-03,11.6
-8.000e-03,9.2
-7.680e-03,5.6
-7.360e-03,8.4
-7.040e-03,4.4
-6.720e-03,12.4
-6.400e-03,12.8
-6.080e-03,8.4
-5.760e-03,6.4
-5.440e-03,7.2
-5.120e-03,6.8
-4.800e-03,10.4
-4.480e-03,3.2
-4.160e-03,3.6
-3.840e-03,6.8
-3.520e-03,6.4
-3.200e-03,1.6
-2.880e-03,-0.4
-2.560e-03,-1.6
-2.240e-03,-5.6
-1.920e-03,-6
-1.600e-03,-2.4
-1.280e-03,2
-9.600e-04,0.4
-6.400e-04,-3.2
-3.200e-04,-4.4
-7.585e-15,-4.4
3.200e-04,-9.2
6.400e-04,-7.6
9.600e-04,2
1.280e-03,-6.8
1.600e-03,-8.8
1.920e-03,-8.8
2.240e-03,-8.8
2.560e-03,-4.4
2.880e-03,-0.8
3.200e-03,-8.8
3.520e-03,-8.8
3.840e-03,-9.2
4.160e-03,-8.8
4.480e-03,-8.4
4.800e-03,-6.4
5.120e-03,-6.4
5.440e-03,-5.6
5.760e-03,-8.8
6.080e-03,-8
6.400e-03,1.2
6.720e-03,-4.4
7.040e-03,5.6
7.360e-03,-8
7.680e-03,-5.6
8.000e-03,-2.8
8.320e-03,-2.4
8.640e-03,-1.6
8.960e-03,-0.4
9.280e-03,-1.6
9.600e-03,-1.6
9.920e-03,1.2
1.024e-02,2
1.056e-02,1.2
1.088e-02,0.4
1.120e-02,0.4
1.152e-02,0
1.184e-02,-2
1.216e-02,0
1.248e-02,-0.4
1.280e-02,6
1.312e-02,12.4
1.344e-02,12.4
1.376e-02,8.8
1.408e-02,1.6
1.440e-02,-1.2
1.472e-02,5.6
1.504e-02,2.8
1.536e-02,11.6
1.568e-02,9.6
1.600e-02,2.8
1.632e-02,3.2
1.664e-02,7.6
1.696e-02,11.2
1.728e-02,10.8
1.760e-02,9.6
1.792e-02,5.6
1.824e-02,2.4
1.856e-02,0
1.888e-02,4
1.920e-02,12.4
1.952e-02,1.2
1.984e-02,0
2.016e-02,0.4
2.048e-02,0.8
2.080e-02,-3.2
2.112e-02,-0.4
2.144e-02,-0.8
2.176e-02,1.2
2.208e-02,3.2
2.240e-02,1.6
2.272e-02,-9.2
2.304e-02,-9.2
2.336e-02,-9.2
2.368e-02,-9.2
2.400e-02,-8.8
2.432e-02,-1.6
2.464e-02,-8.8
2.496e-02,-9.2
2.528e-02,-9.2
2.560e-02,-8.8
2.592e-02,-8.8
2.624e-02,-3.6
2.656e-02,-4.4
2.688e-02,-8.8
2.720e-02,-9.2
2.752e-02,-8.8
2.784e-02,-8.4
2.816e-02,-5.6
2.848e-02,-5.6
2.880e-02,-7.6
2.912e-02,-8.8
2.944e-02,-5.6
2.976e-02,-2
3.008e-02,-8.8
3.040e-02,0.4
3.072e-02,-8.8
3.104e-02,-8.4
3.136e-02,-5.6
3.168e-02,-4.8
3.200e-02,-3.2
3.232e-02,-4.4
3.264e-02,-1.2
3.296e-02,1.2
3.328e-02,-1.6
3.360e-02,0.4
3.392e-02,-0.8
3.424e-02,-0.4
3.456e-02,-0.4
3.488e-02,-2
3.520e-02,3.6
3.552e-02,8
3.584e-02,10.4
3.616e-02,11.6
3.648e-02,10.4
3.680e-02,4
3.712e-02,6
3.744e-02,7.2
3.776e-02,13.2
3.808e-02,12.4
3.840e-02,11.2
3.872e-02,9.2
3.904e-02,5.6
3.936e-02,8
3.968e-02,4.8
4.000e-02,7.2
4.032e-02,7.6
4.064e-02,2.4
4.096e-02,8.4
4.128e-02,4.8
4.160e-02,6
4.192e-02,3.6
4.224e-02,2.4
4.256e-02,0.8
4.288e-02,0.4
4.320e-02,-1.2
4.352e-02,-3.2
4.384e-02,-4
4.416e-02,-0.4
4.448e-02,0
4.480e-02,2
4.512e-02,0
4.544e-02,3.6
4.576e-02,-5.6
4.608e-02,-8.8
4.640e-02,-3.6
4.672e-02,1.6
4.704e-02,-8.8
4.736e-02,-8.8
4.768e-02,-8.8
4.800e-02,-8.8
4.832e-02,-8.8
4.864e-02,-7.6
4.896e-02,-2.4
4.928e-02,-8.8
4.960e-02,-9.2
4.992e-02,-8.8
5.024e-02,-8.8
5.056e-02,-4
5.088e-02,-3.6
5.120e-02,-3.2
5.152e-02,-6.4
5.184e-02,-6
5.216e-02,-4.4
5.248e-02,-4.4
5.280e-02,-2
5.312e-02,-0.4
5.344e-02,-8
5.376e-02,-8.4
5.408e-02,-1.6
5.440e-02,-4.4
5.472e-02,-4.4
5.504e-02,-2.4
5.536e-02,-4.4
5.568e-02,-0.4
5.600e-02,-1.2
5.632e-02,1.2
5.664e-02,0
5.696e-02,-2.4
5.728e-02,-2.8
5.760e-02,-3.6
5.792e-02,-2.8
5.824e-02,0.4
5.856e-02,0.4
5.888e-02,1.6
5.920e-02,4.4
5.952e-02,10
5.984e-02,13.2
6.016e-02,7.6
6.048e-02,0
6.080e-02,2
6.112e-02,2
6.144e-02,3.6
6.176e-02,10.4
6.208e-02,4.4
6.240e-02,6.8
6.272e-02,10.4
6.304e-02,8.4
6.336e-02,6.4
6.368e-02,9.2
6.400e-02,8.4
6.432e-02,5.2
6.464e-02,6
6.496e-02,3.6
6.528e-02,3.2
6.560e-02,6.4
6.592e-02,-4.4
6.624e-02,-1.2
6.656e-02,1.6
6.688e-02,4.4
6.720e-02,-0.8
6.752e-02,-2.8
6.784e-02,-3.2
6.816e-02,0
6.848e-02,-0.8
6.880e-02,0
6.912e-02,-8.8
6.944e-02,-8.8
6.976e-02,-8.8
7.008e-02,-8.8
7.040e-02,-6
7.072e-02,-8
7.104e-02,-7.6
7.136e-02,-8.8
7.168e-02,-8.8
7.200e-02,-8.4
7.232e-02,-8.4
7.264e-02,-6
7.296e-02,-8.8
7.328e-02,-8.8
7.360e-02,-8.8
7.392e-02,-8.8
7.424e-02,-8.4
7.456e-02,-5.2
7.488e-02,-6.8
7.520e-02,-8.4
7.552e-02,-8.8
7.584e-02,-8
7.616e-02,-3.6
7.648e-02,5.2
7.680e-02,-9.2
7.712e-02,-4.4
7.744e-02,-8
7.776e-02,-2.4
7.808e-02,-4
7.840e-02,-6
7.872e-02,-4.4
7.904e-02,-4
7.936e-02,-4
7.968e-02,-1.6
8.000e-02,1.2
8.032e-02,-1.2
8.064e-02,-2
8.096e-02,-1.2
8.128e-02,-2.8
8.160e-02,2.4
8.192e-02,10.8
8.224e-02,13.6
8.256e-02,11.6
8.288e-02,4
8.320e-02,-1.6
8.352e-02,4.4
8.384e-02,5.6
8.416e-02,6
8.448e-02,12.4
8.480e-02,13.2
8.512e-02,3.2
8.544e-02,3.2
8.576e-02,8
8.608e-02,6.8
8.640e-02,9.2
8.672e-02,3.6
8.704e-02,-0.4
8.736e-02,4
8.768e-02,2
8.800e-02,-0.8
8.832e-02,0.8
8.864e-02,1.6
8.896e-02,-0.8
8.928e-02,-2.4
8.960e-02,-0.4
8.992e-02,-4
9.024e-02,-4.8
9.056e-02,1.6
9.088e-02,0.8
9.120e-02,0.4
9.152e-02,2
9.184e-02,-1.6
9.216e-02,-8.8
9.248e-02,-8.8
9.280e-02,2
9.312e-02,2.8
9.344e-02,-6.4
9.376e-02,-8.8
9.408e-02,-8.8
9.440e-02,-8.8
9.472e-02,-8.8
9.504e-02,-8
9.536e-02,-5.2
9.568e-02,-8.8
9.600e-02,-8.8
9.632e-02,-8.8
9.664e-02,-8.8
9.696e-02,-4.8
9.728e-02,-5.6
9.760e-02,-6.4
9.792e-02,-4.4
9.824e-02,-8
9.856e-02,-8.4
9.888e-02,0.4
9.920e-02,-8
9.952e-02,-4.4
9.984e-02,-8.8
1.002e-01,-3.2
1.005e-01,-8.8
1.008e-01,-3.2
1.011e-01,-3.6
1.014e-01,-5.6
1.018e-01,-2.8
1.021e-01,-3.6
1.024e-01,-2.8
1.027e-01,-2.4
1.030e-01,-1.6
1.034e-01,-3.2
1.037e-01,-2.4
1.040e-01,-3.2
1.043e-01,-0.8
1.046e-01,-1.2
1.050e-01,1.6
1.053e-01,1.6
1.056e-01,4
1.059e-01,8.4
1.062e-01,5.2
1.066e-01,3.6
1.069e-01,9.2
1.072e-01,2.8
1.075e-01,3.2
1.078e-01,6
1.082e-01,10.8
1.085e-01,12
1.088e-01,4.4
1.091e-01,6.8
1.094e-01,8.4
1.098e-01,13.2
1.101e-01,10.4
1.104e-01,8.4
1.107e-01,6
1.110e-01,3.2
1.114e-01,-2.4
1.117e-01,2
1.120e-01,2.8
1.123e-01,0.8
1.126e-01,0.8
1.130e-01,2.4
1.133e-01,-0.8
1.136e-01,-0.4
1.139e-01,-0.8
1.142e-01,-4
1.146e-01,-1.2
1.149e-01,1.2
1.152e-01,0.8
1.155e-01,-9.2
1.158e-01,-9.2
1.162e-01,-8.8
1.165e-01,-8.8
1.168e-01,-4.4
1.171e-01,-6
1.174e-01,-8.8
1.178e-01,-8.8
1.181e-01,-8.8
1.184e-01,-4.8
1.187e-01,-5.6
1.190e-01,-3.6
1.194e-01,-8.8
1.197e-01,-8.8
1.200e-01,-8.8
1.203e-01,-9.2
1.206e-01,-8.4
1.210e-01,-5.6
1.213e-01,-6
1.216e-01,-8.8
1.219e-01,-8.8
1.222e-01,-7.2
1.226e-01,-3.6
1.229e-01,-3.2
1.232e-01,-6
1.235e-01,-6.4
1.238e-01,-8.8
1.242e-01,-1.2
1.245e-01,-3.2
1.248e-01,-2.8
1.251e-01,-2.8
1.254e-01,-6.4
1.258e-01,-4
1.261e-01,-1.6
1.264e-01,-1.6
1.267e-01,0.8
1.270e-01,-1.6
1.274e-01,-1.6
1.277e-01,-1.6
1.280e-01,-0.8
1.283e-01,4
1.286e-01,8.8
1.290e-01,4.8
1.293e-01,6
1.296e-01,2.8
1.299e-01,1.2
1.302e-01,2.8
1.306e-01,10.4
1.309e-01,13.2
1.312e-01,11.6
1.315e-01,4.8
1.318e-01,0
1.322e-01,3.6
1.325e-01,2.4
1.328e-01,11.6
1.331e-01,10
1.334e-01,5.2
1.338e-01,2
1.341e-01,1.6
1.344e-01,0
1.347e-01,6
1.350e-01,11.6
1.354e-01,4.8
1.357e-01,-6
1.360e-01,-7.2
1.363e-01,-3.6
1.366e-01,-4.8
1.370e-01,-5.2
1.373e-01,-1.2
1.376e-01,2.8
1.379e-01,1.6
1.382e-01,-9.2
1.386e-01,-9.2
1.389e-01,-9.2
1.392e-01,-8.8
1.395e-01,-1.6
1.398e-01,-7.2
1.402e-01,-8.8
1.405e-01,-8.8
1.408e-01,-8.8
1.411e-01,-8.8
1.414e-01,-8.8
1.418e-01,-1.6
1.421e-01,-8.4
1.424e-01,-8.8
1.427e-01,-8.8
1.430e-01,-8.8
1.434e-01,-8.8
1.437e-01,-3.6
1.440e-01,-4.8
1.443e-01,-8.4
1.446e-01,-8.8
1.450e-01,-6.4
1.453e-01,-6.4
1.456e-01,-8
1.459e-01,0
1.462e-01,-8
1.466e-01,-8.8
1.469e-01,-4
1.472e-01,-8.4
1.475e-01,-5.6
1.478e-01,-0.8
1.482e-01,-4.8
1.485e-01,-6.8
1.488e-01,-3.6
1.491e-01,-0.8
1.494e-01,-2
1.498e-01,-2.4
1.501e-01,-3.2
1.504e-01,-4.8
1.507e-01,-2.8
1.510e-01,-2
1.514e-01,-1.2
1.517e-01,1.2
1.520e-01,0.8
1.523e-01,2
1.526e-01,7.2
1.530e-01,9.2
1.533e-01,6.4
1.536e-01,5.2
1.539e-01,4.4
1.542e-01,4
1.546e-01,8.4
1.549e-01,12.4
1.552e-01,11.6
1.555e-01,6.8
1.558e-01,2.8
1.562e-01,1.2
1.565e-01,7.6
1.568e-01,9.6
1.571e-01,12
1.574e-01,0
1.578e-01,-0.4
1.581e-01,5.2
1.584e-01,4.8
1.587e-01,4.4
1.590e-01,7.2
1.594e-01,6
1.597e-01,-5.2
1.600e-01,-4.8
1.603e-01,-0.4
1.606e-01,-5.6
1.610e-01,-3.6
1.613e-01,1.2
1.616e-01,0.8
1.619e-01,-9.2
1.622e-01,-9.2
1.626e-01,-9.2
1.629e-01,-8.8
1.632e-01,-3.2
1.635e-01,-7.6
1.638e-01,-8
1.642e-01,-8.8
1.645e-01,-8.8
1.648e-01,-8
1.651e-01,-7.2
1.654e-01,-8.4
1.658e-01,-8.8
1.661e-01,-8.8
1.664e-01,-8.8
1.667e-01,-8.8
1.670e-01,-8.4
1.674e-01,-7.6
1.677e-01,-8.4
1.680e-01,-8.4
1.683e-01,-8.8
1.686e-01,-3.6
1.690e-01,-7.6
1.693e-01,9.2
1.696e-01,-8.8
1.699e-01,-4
1.702e-01,-7.2
1.706e-01,-4
1.709e-01,-4.8
1.712e-01,-2.4
1.715e-01,-2.8
1.718e-01,-0.4
1.722e-01,-1.6
1.725e-01,1.6
1.728e-01,-1.6
1.731e-01,-2
1.734e-01,-1.2
1.738e-01,-1.6
1.741e-01,0.4
1.744e-01,4.8
1.747e-01,12.8
1.750e-01,11.2
1.754e-01,3.6
1.757e-01,0.4
1.760e-01,4
1.763e-01,8.8
1.766e-01,4.8
1.770e-01,10.8
1.773e-01,4.8
1.776e-01,6.8
1.779e-01,6.8
1.782e-01,3.2
1.786e-01,11.2
1.789e-01,6.4
1.792e-01,5.2
1.795e-01,6.8
1.798e-01,4.8
1.802e-01,9.6
1.805e-01,0.4
1.808e-01,-1.6
1.811e-01,5.6
1.814e-01,3.2
1.818e-01,1.2
1.821e-01,-2.8
1.824e-01,2
1.827e-01,-1.2
1.830e-01,-6.4
1.834e-01,-1.6
1.837e-01,1.6
1.840e-01,0.8
1.843e-01,1.6
1.846e-01,-8.8
1.850e-01,-9.2
1.853e-01,-8.4
1.856e-01,-1.2
1.859e-01,-0.8
1.862e-01,-7.2
1.866e-01,-6.4
1.869e-01,-8.8
1.872e-01,-9.2
1.875e-01,-7.6
1.878e-01,-7.2
1.882e-01,-5.6
1.885e-01,-6.4
1.888e-01,-8.8
1.891e-01,-8.8
1.894e-01,-8.8
1.898e-01,-7.6
1.901e-01,-8
1.904e-01,-8
1.907e-01,-8
1.910e-01,-8.4
1.914e-01,-8.8
1.917e-01,-2.4
1.920e-01,-1.6
1.923e-01,-8.8
1.926e-01,-7.2
1.930e-01,-8.8
1.933e-01,-3.6
1.936e-01,-6.8
1.939e-01,-5.2
1.942e-01,-5.6
1.946e-01,-5.6
1.949e-01,-3.6
1.952e-01,-3.2
1.955e-01,-0.8
1.958e-01,-1.2
1.962e-01,-0.4
1.965e-01,-1.2
1.968e-01,-2.4
1.971e-01,1.6
1.974e-01,-0.8
1.978e-01,0.4
1.981e-01,3.6
1.984e-01,9.2
1.987e-01,4.4
1.990e-01,2
1.994e-01,-3.2
1.997e-01,1.6
2.000e-01,6.8
2.003e-01,11.2
2.006e-01,10.4
2.010e-01,13.2
2.013e-01,6.8
2.016e-01,3.2
2.019e-01,5.6
2.022e-01,10
2.026e-01,8
2.029e-01,6.4
2.032e-01,5.6
2.035e-01,12.4
2.038e-01,6.8
2.042e-01,0.4
2.045e-01,2
2.048e-01,-3.2
2.051e-01,-6.4
2.054e-01,-1.6
2.058e-01,-3.6
2.061e-01,-3.6
2.064e-01,2.4
2.067e-01,0.4
2.070e-01,3.6
2.074e-01,-6.4
2.077e-01,-9.2
2.080e-01,-8.8
2.083e-01,-9.2
2.086e-01,-8.8
2.090e-01,0
2.093e-01,-4.8
2.096e-01,-8.8
2.099e-01,-9.2
2.102e-01,-9.2
2.106e-01,-6
2.109e-01,-2.8
2.112e-01,-8
2.115e-01,-8.4
2.118e-01,-8.8
2.122e-01,-8.8
2.125e-01,-8.4
2.128e-01,-4.8
2.131e-01,-4.4
2.134e-01,-5.2
2.138e-01,-2.4
2.141e-01,-1.2
2.144e-01,0
2.147e-01,-6.8
2.150e-01,-2.8
2.154e-01,-4.4
2.157e-01,-8.4
2.160e-01,1.2
2.163e-01,-5.2
2.166e-01,0
2.170e-01,-0.4
2.173e-01,0
2.176e-01,-0.4
2.179e-01,2.4
2.182e-01,2
2.186e-01,3.2
2.189e-01,2.4
2.192e-01,-0.4
2.195e-01,1.2
2.198e-01,-0.8
2.202e-01,1.2
2.205e-01,5.2
2.208e-01,9.6
2.211e-01,14
2.214e-01,8.4
2.218e-01,0.8
2.221e-01,1.2
2.224e-01,7.6
2.227e-01,14
2.230e-01,12.4
2.234e-01,4.8
2.237e-01,11.2
2.240e-01,6.8
2.243e-01,4.4
2.246e-01,9.2
2.250e-01,10
2.253e-01,12
2.256e-01,8.4
2.259e-01,2.8
2.262e-01,2
2.266e-01,3.6
2.269e-01,10.4
2.272e-01,6
2.275e-01,4
2.278e-01,-2.8
2.282e-01,-2.4
2.285e-01,-1.6
2.288e-01,-2
2.291e-01,3.2
2.294e-01,2.4
2.298e-01,6
2.301e-01,2.8
2.304e-01,-8.8
2.307e-01,-9.2
2.310e-01,-8.8
2.314e-01,-9.2
2.317e-01,-8.8
2.320e-01,-6.4
2.323e-01,-6.8
2.326e-01,-8.8
2.330e-01,-8.8
2.333e-01,-9.2
2.336e-01,-2.4
2.339e-01,-6
2.342e-01,-5.6
2.346e-01,-8.8
2.349e-01,-8.8
2.352e-01,-8.8
2.355e-01,-8.4
2.358e-01,-5.6
2.362e-01,-6
2.365e-01,-4.8
2.368e-01,-6.8
2.371e-01,-5.2
2.374e-01,0
2.378e-01,-8
2.381e-01,-1.6
2.384e-01,-8.8
2.387e-01,-4.4
2.390e-01,-3.2
2.394e-01,-1.6
2.397e-01,-0.8
2.400e-01,-2.4
2.403e-01,-2.4
2.406e-01,-0.4
2.410e-01,2.8
2.413e-01,1.2
2.416e-01,3.2
2.419e-01,0.8
2.422e-01,0.4
2.426e-01,-1.2
2.429e-01,0.8
2.432e-01,6
2.435e-01,12.4
2.438e-01,7.2
2.442e-01,4
2.445e-01,4.4
2.448e-01,1.6
2.451e-01,3.6
2.454e-01,7.6
2.458e-01,14
2.461e-01,6
2.464e-01,4.4
2.467e-01,4.4
2.470e-01,9.6
2.474e-01,9.6
2.477e-01,10
2.480e-01,12.4
2.483e-01,7.6
2.486e-01,1.6
2.490e-01,6.4
2.493e-01,9.2
2.496e-01,4.8
2.499e-01,6.4
2.502e-01,5.2
2.506e-01,-0.8
2.509e-01,-0.8
2.512e-01,-5.6
2.515e-01,-5.2
2.518e-01,-2.4
2.522e-01,0.8
2.525e-01,5.2
2.528e-01,-9.2
2.531e-01,-9.2
2.534e-01,-9.2
2.538e-01,-8.8
2.541e-01,2.4
2.544e-01,-1.2
2.547e-01,-8
2.550e-01,-8.8
2.554e-01,-8.8
2.557e-01,-8.8
2.560e-01,-6.8
2.563e-01,-6
2.566e-01,-4.4
2.570e-01,-8.8
2.573e-01,-8.8
2.576e-01,-8.8
2.579e-01,-7.6
2.582e-01,-4.8
2.586e-01,-4.8
2.589e-01,-8.4
2.592e-01,-8
2.595e-01,-1.6
2.598e-01,2.4
2.602e-01,-5.6
2.605e-01,-3.6
2.608e-01,-5.6
2.611e-01,-8.8
2.614e-01,-0.8
2.618e-01,-2
2.621e-01,0
2.624e-01,-4.8
2.627e-01,0
2.630e-01,1.6
2.634e-01,1.2
2.637e-01,2
2.640e-01,0.4
2.643e-01,0.4
2.646e-01,1.2
2.650e-01,0.4
2.653e-01,0
2.656e-01,2.4
2.659e-01,2.8
2.662e-01,2.8
2.666e-01,10.8
2.669e-01,6
2.672e-01,7.6
2.675e-01,9.6
2.678e-01,6.8
2.682e-01,9.2
2.685e-01,12.4
2.688e-01,12.8
2.691e-01,13.2
2.694e-01,7.6
2.698e-01,5.6
2.701e-01,6.4
2.704e-01,2.8
2.707e-01,10.4
2.710e-01,6.4
2.714e-01,9.6
2.717e-01,4
2.720e-01,3.2
2.723e-01,8.4
2.726e-01,4.4
2.730e-01,6
2.733e-01,-0.4
2.736e-01,-3.2
2.739e-01,-0.4
2.742e-01,0
2.746e-01,-1.2
2.749e-01,-3.6
2.752e-01,1.2
2.755e-01,2.4
2.758e-01,0.8
2.762e-01,4.4
2.765e-01,-8.8
2.768e-01,-8.8
2.771e-01,6
2.774e-01,4.4
2.778e-01,-8.8
2.781e-01,-8.8
2.784e-01,-9.2
2.787e-01,-9.2
2.790e-01,-8.8
2.794e-01,-3.2
2.797e-01,-3.6
2.800e-01,-8.8
2.803e-01,-8.8
2.806e-01,-8.8
2.810e-01,-8.8
2.813e-01,-7.6
2.816e-01,-6
2.819e-01,-8
2.822e-01,-7.6
2.826e-01,-2.4
2.829e-01,2.4
2.832e-01,-8.8
2.835e-01,-1.2
2.838e-01,-8
2.842e-01,-1.6
2.845e-01,-0.8
2.848e-01,-3.6
2.851e-01,-2
2.854e-01,0.4
2.858e-01,-1.6
2.861e-01,2
2.864e-01,1.2
2.867e-01,0.4
2.870e-01,0.8
2.874e-01,0.4
2.877e-01,1.6
2.880e-01,5.6
2.883e-01,1.2
2.886e-01,-0.4
2.890e-01,12.8
2.893e-01,5.2
2.896e-01,4
2.899e-01,11.6
2.902e-01,10
2.906e-01,13.2
2.909e-01,10.4
2.912e-01,10.4
2.915e-01,10
2.918e-01,8
2.922e-01,7.6
2.925e-01,12.4
2.928e-01,8.4
2.931e-01,7.6
2.934e-01,5.6
2.938e-01,10
2.941e-01,6.8
2.944e-01,5.6
2.947e-01,4.4
2.950e-01,0
2.954e-01,1.6
2.957e-01,-0.4
2.960e-01,4.4
2.963e-01,-1.2
2.966e-01,-2
2.970e-01,-4.4
2.973e-01,0
2.976e-01,2
2.979e-01,2
2.982e-01,-9.2
2.986e-01,-9.2
2.989e-01,-8.8
2.992e-01,-2.8
2.995e-01,1.6
2.998e-01,-7.2
3.002e-01,-4
3.005e-01,-8.8
3.008e-01,-9.2
3.011e-01,-9.2
3.014e-01,-4.4
3.018e-01,-6.8
3.021e-01,-8.8
3.024e-01,-8.8
3.027e-01,-9.2
3.030e-01,-8.8
3.034e-01,-7.6
3.037e-01,-5.6
3.040e-01,-5.2
3.043e-01,-8.8
3.046e-01,-7.2
3.050e-01,-2.8
3.053e-01,6.4
3.056e-01,-6.4
3.059e-01,-2
3.062e-01,-8.4
3.066e-01,-8
3.069e-01,-5.2
3.072e-01,-5.6
3.075e-01,0
3.078e-01,-3.2
3.082e-01,1.2
3.085e-01,-1.6
3.088e-01,0
3.091e-01,-0.8
3.094e-01,-1.2
3.098e-01,1.2
3.101e-01,0.4
3.104e-01,-1.2
3.107e-01,2.4
3.110e-01,2.4
3.114e-01,3.2
3.117e-01,3.6
3.120e-01,9.6
3.123e-01,10.4
3.126e-01,11.6
3.130e-01,10.4
3.133e-01,2
3.136e-01,5.2
3.139e-01,7.6
3.142e-01,11.6
3.146e-01,10
3.149e-01,5.2
3.152e-01,6.4
3.155e-01,4
3.158e-01,5.2
3.162e-01,9.6
3.165e-01,8.8
3.168e-01,6.8
3.171e-01,-0.4
3.174e-01,6
3.178e-01,9.2
3.181e-01,1.2
3.184e-01,2.4
3.187e-01,5.2
3.190e-01,-38
3.194e-01,-39.2
3.197e-01,-50.8

